MC2-E-0001	hulk hogan
MC2-E-0002	bruno mars
MC2-E-0003	ryan giggs
MC2-E-0004	sharon stone
MC2-E-0005	christopher nolan
MC2-E-0006	john jones
MC2-E-0007	napoleon
MC2-E-0008	selena gomez
MC2-E-0009	hemingway
MC2-E-0010	gareth bale
MC2-E-0011	tarantino
MC2-E-0012	darvish
MC2-E-0013	george clooney
MC2-E-0014	emma stone
MC2-E-0015	ronaldo
MC2-E-0016	park ji-sung
MC2-E-0017	robert downey jr
MC2-E-0018	millet
MC2-E-0019	miranda kerr
MC2-E-0020	emilia clarke
MC2-E-0021	bank adelanto
MC2-E-0022	cafe killeen
MC2-E-0023	cincinnati art museum
MC2-E-0024	delaware memorial bridge
MC2-E-0025	dermatology pittsburgh
MC2-E-0026	florida state university
MC2-E-0027	hotel oak creek
MC2-E-0028	junior high school sacramento
MC2-E-0029	kfc snohomish
MC2-E-0030	library cleveland tn
MC2-E-0031	mcdonald tooele
MC2-E-0032	museum allentown
MC2-E-0033	nahanni national park
MC2-E-0034	orlando international airport
MC2-E-0035	orthopedic saint louis
MC2-E-0036	pharmacy nevada city
MC2-E-0037	pizza hut chichester
MC2-E-0038	post office olathe
MC2-E-0039	scottsdale stadium
MC2-E-0040	starbucks visalia
MC2-E-0041	bitcoin
MC2-E-0042	jaguar
MC2-E-0043	divers disease
MC2-E-0044	kebab
MC2-E-0045	windows 7
MC2-E-0046	april fool
MC2-E-0047	asiana airlines
MC2-E-0048	euro
MC2-E-0049	tetris
MC2-E-0050	nlb
MC2-E-0051	health insurance
MC2-E-0052	leica
MC2-E-0053	subarachnoid hemorrhage
MC2-E-0054	golf
MC2-E-0055	gold lacquer
MC2-E-0056	mango
MC2-E-0057	kakaotalk
MC2-E-0058	the age of discovery
MC2-E-0059	minecraft
MC2-E-0060	putty
MC2-E-0061	ups
MC2-E-0062	godzilla
MC2-E-0063	playstation
MC2-E-0064	smartphone
MC2-E-0065	aladdin
MC2-E-0066	pomeranian
MC2-E-0067	enka
MC2-E-0068	premier league
MC2-E-0069	quadcopter
MC2-E-0070	lettuce
MC2-E-0071	yellow ribbon
MC2-E-0072	real madrid
MC2-E-0073	baguette
MC2-E-0074	titanic
MC2-E-0075	accent
MC2-E-0076	yahoo!
MC2-E-0077	acai
MC2-E-0078	melon
MC2-E-0079	fuji xerox
MC2-E-0080	lineage
MC2-E-0081	difference between red and white wine
MC2-E-0082	aftershock mechanism
MC2-E-0083	how to cook coleslaw
MC2-E-0084	role of animal tail
MC2-E-0085	difference across to bcc cc
MC2-E-0086	difference across republic democratic republic federal
MC2-E-0087	way to reduce belly fat
MC2-E-0088	pc remote control method
MC2-E-0089	what is mirror made of
MC2-E-0090	why is white chocolate white
MC2-E-0091	why do children in costumes ask for candy at halloween
MC2-E-0092	difference in pepper types
MC2-E-0093	reason why dove is a symbol of peace
MC2-E-0094	etymology of japan
MC2-E-0095	how to make macaroons
MC2-E-0096	meaning of h and b pencil
MC2-E-0097	why is salt added when boiling spaghetti
MC2-E-0098	how to write a report
MC2-E-0099	principle of magic mirror
MC2-E-0100	difference of gdp and gnp